{"RN ten Doeschate":0.5,"J Yadav":0.6904761904761905,"V Kohli":0.9090909090909091,"R Ashwin":0.9358974358974359,"S Nadeem":0.9761904761904762,"Z Khan":1,"M de Lange":1,"MC Henriques":1.0066666666666666,"Parvez Rasool":1.0333333333333334,"MA Starc":1.065891472868217}